Year,Development_Status,"Government expenditure on education, total (% of GDP)","Government expenditure per student, primary (% of GDP per capita)","Government expenditure per student, secondary (% of GDP per capita)","Government expenditure per student, tertiary (% of GDP per capita)","Self-employed, female (% of female employment) (modeled ILO estimate)","Self-employed, male (% of male employment) (modeled ILO estimate)","Self-employed, total (% of total employment) (modeled ILO estimate)","Cause of death, by communicable diseases and maternal, prenatal and nutrition conditions (% of total)","Cause of death, by injury (% of total)","Cause of death, by non-communicable diseases (% of total)","Life expectancy at birth, total (years)",Prevalence of overweight (% of adults),Prevalence of current tobacco use (% of adults),Current health expenditure per capita (current US$),Individuals using the Internet (% of population),GDP per capita (current US$),Access to electricity (% of population),ICT goods exports (% of total goods exports),Urban population (% of total population),"School enrollment, tertiary (% gross)","Literacy rate, adult total (% of people ages 15 and above)","School enrollment, secondary (% net)","Primary completion rate, total (% of relevant age group)","Lower secondary completion rate, total (% of relevant age group)","Labor force, female (% of total labor force)",Proportion of seats held by women in national parliaments (%),"Literacy rate, adult female (% of females ages 15 and above)","Literacy rate, youth (ages 15-24), gender parity index (GPI)","Mortality rate, infant (per 1,000 live births)","Immunization, DPT (% of children ages 12-23 months)",Current health expenditure (% of GDP),Births attended by skilled health staff (% of total),People using safely managed drinking water services (% of population)
1980,Developed,5.102859262256853,19.685910666666665,24.739114852941174,34.60711794520548,9.25656078950846,15.308860254648112,12.604856841984168,8.094299426849805,5.051616480651711,86.8540842687654,73.97531402439026,36.7625,22.133928571428573,4384.550740197203,53.45815551020409,10578.210406528679,100.0,10.275178571428572,80.77199999999999,41.6123021963166,93.43750000000001,89.72205587155963,101.70365954418575,97.6422643025716,44.27782707902252,23.14251162093573,90.0,1.0,10.7375,72.671875,9.638259159940477,98.93440860215054,98.57653047162012
1980,Developing,3.581986807482275,15.289916715328468,17.927785263157897,47.72059606666667,52.58202151663232,49.67935446814723,50.57565833576998,20.989254967653004,9.613385970488098,69.39735908195532,59.35428837876614,21.264705882352942,26.76571428571428,258.4213114253468,18.84307100948276,2042.7991578182093,83.25676350636095,9.668233215547705,39.07652941176471,11.551482345686448,80.59886488038754,62.19199956521739,80.19982631995401,62.473509994875485,36.73813150830143,17.63136777349955,76.62998006244277,0.9902950085941055,78.40588235294118,54.768186564566655,5.231654255433527,80.37993127147767,48.67842430799909
1980,Least developed,4.0634609337206244,7.1023564285714285,13.831971666666668,53.0464,78.43839147676168,68.59246947655764,73.40652137720681,41.71799416083952,8.689154992011474,49.592850571466805,53.535333333333334,11.133333333333333,31.804761904761904,53.97240552301887,8.331061175675675,374.3092893955008,42.68720599814637,0.35792452830188665,18.747333333333334,2.5028574118331135,80.93699188232422,37.935015151515145,84.98215667568907,47.490144107652746,47.17634413718874,15.728864365740511,75.70364023844401,0.9852235422414886,94.7,48.005649717514125,5.269052187358491,61.15769230769231,30.970528480298157
1981,Developed,4.957726038752063,19.685910666666665,24.739114852941174,34.60711794520548,9.25656078950846,15.308860254648112,12.604856841984168,8.094299426849805,5.051616480651711,86.8540842687654,74.30639939024391,37.2625,22.133928571428573,4384.550740197203,53.45815551020409,10779.314863134641,100.0,10.275178571428572,80.883375,41.897687089733964,94.92857142857144,87.88973190366973,100.66040469189088,100.63946145375573,44.27782707902252,23.14251162093573,92.28571428571428,1.0,10.225,77.0859375,9.638259159940477,98.93440860215054,98.57653047162012
1981,Developing,3.512021232730124,15.289916715328468,17.927785263157897,47.72059606666667,52.58202151663232,49.67935446814723,50.57565833576998,20.989254967653004,9.613385970488098,69.39735908195532,59.84222955523673,21.71764705882353,26.76571428571428,258.4213114253468,18.84307100948276,2021.5858610663888,83.25676350636095,9.668233215547705,39.65352941176471,13.934704092047422,76.73789138005998,59.31894249680307,76.02847585274894,64.02438826570992,36.73813150830143,17.63136777349955,70.58159272511229,0.9878687607426317,75.98823529411764,43.79585798816568,5.231654255433527,80.37993127147767,48.67842430799909
1981,Least developed,4.332580991144531,7.1023564285714285,13.831971666666668,53.0464,78.43839147676168,68.59246947655764,73.40652137720681,41.71799416083952,8.689154992011474,49.592850571466805,54.050999999999995,11.466666666666667,31.804761904761904,53.97240552301887,8.331061175675675,418.481412759443,42.68720599814637,0.35792452830188665,19.873,2.2219433858990665,80.93699188232422,37.935015151515145,84.98215667568907,47.490144107652746,47.17634413718874,15.728864365740511,75.70364023844401,0.9852235422414886,89.5,38.00282485875706,5.269052187358491,61.15769230769231,30.970528480298157
1982,Developed,5.085420852346766,19.685910666666665,24.739114852941174,34.60711794520548,9.25656078950846,15.308860254648112,12.604856841984168,8.094299426849805,5.051616480651711,86.8540842687654,74.57685670731708,37.7375,22.133928571428573,4384.550740197203,53.45815551020409,10804.276606625845,100.0,10.275178571428572,80.955,42.04432595997321,94.92857142857144,87.96318315366972,100.42743063946163,95.91783326466876,44.27782707902252,23.14251162093573,92.28571428571428,1.0,9.75,79.3359375,9.638259159940477,98.93440860215054,98.57653047162012
1982,Developing,3.4661533064072674,15.289916715328468,17.927785263157897,47.72059606666667,52.58202151663232,49.67935446814723,50.57565833576998,20.989254967653004,9.613385970488098,69.39735908195532,60.16188809182209,22.176470588235293,26.76571428571428,258.4213114253468,18.84307100948276,1831.5493849576942,83.25676350636095,9.668233215547705,40.183882352941175,15.537178297681608,80.86622815930797,62.471490163043484,80.41844106351628,64.3778816196097,36.73813150830143,17.63136777349955,76.34629860746523,0.9878687607426317,73.60588235294118,46.67821092934215,5.231654255433527,80.37993127147767,48.67842430799909
1982,Least developed,4.8231014423900165,7.1023564285714285,13.831971666666668,53.0464,78.43839147676168,68.59246947655764,73.40652137720681,41.71799416083952,8.689154992011474,49.592850571466805,54.522,11.799999999999999,31.804761904761904,53.97240552301887,8.331061175675675,432.4952174980178,42.68720599814637,0.35792452830188665,20.151,2.312683338920277,79.95799458821615,37.935015151515145,84.98215667568907,47.490144107652746,47.17634413718874,15.728864365740511,74.46909349229601,0.9901490281609924,85.23333333333333,41.66949152542373,5.269052187358491,61.15769230769231,30.970528480298157
1983,Developed,5.158832108421672,19.685910666666665,24.739114852941174,34.60711794520548,9.25656078950846,15.308860254648112,12.604856841984168,8.094299426849805,5.051616480651711,86.8540842687654,74.75618292682927,38.2375,22.133928571428573,4384.550740197203,53.45815551020409,11026.320798797125,100.0,10.275178571428572,81.01112499999999,42.44770230083931,94.92857142857144,88.02748190366972,100.40031195660029,98.19386952718098,44.27782707902252,23.14251162093573,92.28571428571428,1.0,9.325,80.4609375,9.638259159940477,98.93440860215054,98.57653047162012
1983,Developing,3.44902976148988,15.289916715328468,17.927785263157897,47.72059606666667,52.58202151663232,49.67935446814723,50.57565833576998,20.989254967653004,9.613385970488098,69.39735908195532,60.08845193687231,22.63529411764706,26.76571428571428,258.4213114253468,18.84307100948276,1765.8926419618037,83.25676350636095,9.668233215547705,40.685764705882356,16.047023728041726,81.18172524721568,59.700646026214834,88.01280225953637,68.6901977848606,36.73813150830143,17.63136777349955,77.05913842179393,0.9862512621749825,71.25294117647059,41.99077619213366,5.231654255433527,80.37993127147767,48.67842430799909
1983,Least developed,4.597227680241617,7.1023564285714285,13.831971666666668,53.0464,78.43839147676168,68.59246947655764,73.40652137720681,41.71799416083952,8.689154992011474,49.592850571466805,54.97833333333333,12.166666666666666,31.804761904761904,53.97240552301887,8.331061175675675,388.21992019420946,42.68720599814637,0.35792452830188665,20.478666666666665,2.465824094843375,80.29132792154948,37.935015151515145,84.98215667568907,47.490144107652746,47.17634413718874,15.728864365740511,74.46909349229601,0.9901490281609924,81.76666666666667,44.66949152542372,5.269052187358491,61.15769230769231,30.970528480298157
1984,Developed,5.269162784901358,19.685910666666665,24.739114852941174,34.60711794520548,9.25656078950846,15.308860254648112,12.604856841984168,8.094299426849805,5.051616480651711,86.8540842687654,75.03464634146341,38.725,22.133928571428573,4384.550740197203,53.45815551020409,11369.064753488718,100.0,10.275178571428572,81.047375,42.639901054196244,94.92857142857144,87.79004565366972,100.42998076458373,98.34588330586747,44.27782707902252,23.14251162093573,92.28571428571428,1.0,8.9625,81.5859375,9.638259159940477,98.93440860215054,98.57653047162012
1984,Developing,3.509828601631463,15.289916715328468,17.927785263157897,47.72059606666667,52.58202151663232,49.67935446814723,50.57565833576998,20.989254967653004,9.613385970488098,69.39735908195532,60.20515781922525,23.099999999999998,26.76571428571428,258.4213114253468,18.84307100948276,1723.2050185254022,83.25676350636095,9.668233215547705,41.19035294117647,18.61869302872455,79.93574140914417,62.471490163043484,83.16278314117125,63.324448481828234,36.73813150830143,17.63136777349955,74.9968361616884,0.9870600114588072,68.96470588235294,46.9319526627219,5.231654255433527,80.37993127147767,48.67842430799909
1984,Least developed,5.145900992110921,7.1023564285714285,13.831971666666668,53.0464,78.43839147676168,68.59246947655764,73.40652137720681,41.71799416083952,8.689154992011474,49.592850571466805,55.586000000000006,12.533333333333333,31.804761904761904,53.97240552301887,8.331061175675675,322.66798125376084,42.68720599814637,0.35792452830188665,20.858,2.213206703464191,80.93699188232422,37.935015151515145,83.68211995338908,48.831242464590765,47.17634413718874,15.728864365740511,75.70364023844401,0.9852235422414886,79.06666666666666,29.666666666666668,5.269052187358491,61.15769230769231,30.970528480298157
1985,Developed,5.213877597523312,19.685910666666665,24.739114852941174,34.60711794520548,9.25656078950846,15.308860254648112,12.604856841984168,8.094299426849805,5.051616480651711,86.8540842687654,75.15208231707317,39.2125,22.133928571428573,4384.550740197203,53.45815551020409,11623.610327490387,100.0,10.275178571428572,81.07425,42.8547793748902,94.92857142857144,88.99722138761467,100.33566046734248,98.01689141591388,44.27782707902252,23.14251162093573,92.28571428571428,1.0,8.6375,81.2109375,9.638259159940477,98.93440860215054,98.57653047162012
1985,Developing,3.5545065387521575,15.289916715328468,17.927785263157897,47.72059606666667,52.58202151663232,49.67935446814723,50.57565833576998,20.989254967653004,9.613385970488098,69.39735908195532,60.732225251076045,23.547058823529408,26.76571428571428,258.4213114253468,18.84307100948276,1566.0398121957169,83.25676350636095,9.668233215547705,41.6334705882353,19.76462426692023,81.18172524721568,62.471490163043484,83.56365789613304,62.68496758396886,36.73813150830143,17.63136777349955,77.05913842179393,0.9862512621749825,66.7764705882353,52.22607030978072,5.231654255433527,80.37993127147767,48.67842430799909
1985,Least developed,5.68848763660148,7.1023564285714285,13.831971666666668,53.0464,78.43839147676168,68.59246947655764,73.40652137720681,41.71799416083952,8.689154992011474,49.592850571466805,56.10233333333334,12.933333333333332,31.804761904761904,53.97240552301887,8.331061175675675,290.5911561269711,42.68720599814637,0.35792452830188665,21.242,2.3670565932989107,80.93699188232422,37.935015151515145,84.98215667568907,47.490144107652746,47.17634413718874,15.728864365740511,75.70364023844401,0.9852235422414886,76.96666666666667,34.0,5.269052187358491,61.15769230769231,30.970528480298157
1986,Developed,5.241558499393925,19.685910666666665,24.739114852941174,34.60711794520548,9.25656078950846,15.308860254648112,12.604856841984168,8.094299426849805,5.051616480651711,86.8540842687654,75.38899390243904,39.7,22.133928571428573,4384.550740197203,53.45815551020409,13811.883865448162,100.0,10.275178571428572,81.1185,44.721012838875374,94.92857142857144,87.73659065366972,100.64417220135121,97.9951114018758,44.27782707902252,23.14251162093573,92.28571428571428,1.0,8.35,85.3359375,9.638259159940477,99.06760752688172,98.57653047162012
1986,Developing,3.3790871112055365,15.289916715328468,17.927785263157897,47.72059606666667,52.58202151663232,49.67935446814723,50.57565833576998,20.989254967653004,9.613385970488098,69.39735908195532,61.60192682926829,24.01764705882353,26.76571428571428,258.4213114253468,18.84307100948276,1437.4155259273975,83.25676350636095,9.668233215547705,42.075941176470586,15.1676864545069,78.99456493855594,61.87384367327366,87.12328581880121,68.58977904740502,36.73813150830143,17.63136777349955,74.349777338159,0.9870600114588072,64.65882352941176,54.81430560389837,5.231654255433527,80.37993127147767,48.67842430799909
1986,Least developed,4.8231014423900165,7.1023564285714285,13.831971666666668,53.0464,78.43839147676168,68.59246947655764,73.40652137720681,41.71799416083952,8.689154992011474,49.592850571466805,56.46866666666667,13.299999999999999,31.804761904761904,53.97240552301887,8.331061175675675,306.78507890423776,42.68720599814637,0.35792452830188665,21.633,2.3948300778865814,80.93699188232422,37.935015151515145,84.98215667568907,47.490144107652746,47.17634413718874,15.728864365740511,75.70364023844401,0.9852235422414886,75.3,44.0,5.269052187358491,61.15769230769231,30.970528480298157
1987,Developed,5.326472019596447,19.685910666666665,24.739114852941174,34.60711794520548,9.25656078950846,15.308860254648112,12.604856841984168,8.094299426849805,5.051616480651711,86.8540842687654,75.68167073170733,40.2125,22.133928571428573,4384.550740197203,53.45815551020409,15987.698224786804,100.0,10.275178571428572,81.18625,43.582288635067826,94.92857142857144,87.75082690366972,101.01655150432984,98.06220811208085,44.27782707902252,23.14251162093573,92.28571428571428,1.0,8.0875,85.625,9.638259159940477,99.2008064516129,98.57653047162012
1987,Developing,3.541446243080438,15.289916715328468,17.927785263157897,47.72059606666667,52.58202151663232,49.67935446814723,50.57565833576998,20.989254967653004,9.613385970488098,69.39735908195532,62.514294117647054,24.49411764705882,26.76571428571428,258.4213114253468,18.84307100948276,1521.0895719297766,83.25676350636095,9.668233215547705,42.51682352941176,17.067767597283478,81.18172524721568,58.1504901246803,81.98384243021995,63.368069350218576,36.73813150830143,17.63136777349955,77.05913842179393,0.9862512621749825,62.594117647058816,59.10842325095719,5.231654255433527,76.28935516474633,48.67842430799909
1987,Least developed,7.096987672205311,7.1023564285714285,13.831971666666668,53.0464,78.43839147676168,68.59246947655764,73.40652137720681,41.71799416083952,8.689154992011474,49.592850571466805,57.099,13.700000000000001,31.804761904761904,53.97240552301887,8.331061175675675,308.4442956038974,42.68720599814637,0.35792452830188665,22.030666666666665,6.065201580388359,80.93699188232422,37.935015151515145,84.98215667568907,47.490144107652746,47.17634413718874,15.728864365740511,75.70364023844401,0.9852235422414886,74.13333333333333,48.0,5.269052187358491,61.15769230769231,30.970528480298157
1988,Developed,5.122244242458574,19.685910666666665,24.739114852941174,34.60711794520548,9.25656078950846,15.308860254648112,12.604856841984168,8.094299426849805,5.051616480651711,86.8540842687654,75.78194512195125,40.6875,22.133928571428573,4384.550740197203,53.45815551020409,18204.699142077912,100.0,10.275178571428572,81.246875,44.44448055057991,94.92857142857144,89.08771138761468,100.87485552807249,97.9339303334554,44.27782707902252,23.14251162093573,92.28571428571428,1.0,7.775,86.125,9.638259159940477,98.93440860215054,98.57653047162012
1988,Developing,3.7593794765155955,15.289916715328468,17.927785263157897,47.72059606666667,52.58202151663232,49.67935446814723,50.57565833576998,20.989254967653004,9.613385970488098,69.39735908195532,63.0191994261119,24.923529411764704,26.76571428571428,258.4213114253468,18.84307100948276,1576.1070163769127,83.25676350636095,9.668233215547705,42.95876470588235,17.817221801057432,81.18172524721568,61.87677543797954,78.98161369036225,60.69564534385665,36.73813150830143,17.63136777349955,77.05913842179393,0.9862512621749825,60.54705882352941,65.5790114862513,5.231654255433527,77.68699413786133,48.67842430799909
1988,Least developed,7.327830898320244,7.1023564285714285,13.831971666666668,53.0464,78.43839147676168,68.59246947655764,73.40652137720681,41.71799416083952,8.689154992011474,49.592850571466805,57.228,14.1,31.804761904761904,53.97240552301887,8.331061175675675,366.50309471849147,42.68720599814637,0.35792452830188665,22.43433333333333,5.7410715220997846,80.93699188232422,37.935015151515145,84.98215667568907,47.490144107652746,47.17634413718874,15.728864365740511,75.70364023844401,0.9852235422414886,73.36666666666666,52.666666666666664,5.269052187358491,63.97179487179486,30.970528480298157
1989,Developed,5.171093320293772,19.685910666666665,24.739114852941174,34.60711794520548,9.25656078950846,15.308860254648112,12.604856841984168,8.094299426849805,5.051616480651711,86.8540842687654,76.01808841463416,41.175,22.133928571428573,4384.550740197203,53.45815551020409,19137.209000946914,100.0,10.275178571428572,81.28375,48.30804563382776,94.92857142857144,89.29609638761468,100.94986010570922,98.3395976384481,44.27782707902252,23.14251162093573,92.28571428571428,1.0,7.45,87.25,9.638259159940477,98.94260752688172,98.57653047162012
1989,Developing,3.6002056519190466,15.289916715328468,17.927785263157897,47.72059606666667,52.58202151663232,49.67935446814723,50.57565833576998,20.989254967653004,9.613385970488098,69.39735908195532,63.394218077474896,25.41176470588235,26.76571428571428,258.4213114253468,18.84307100948276,1640.4057415027141,83.25676350636095,9.668233215547705,43.36082352941177,17.343429021520823,82.57211051224914,61.85935779092071,83.1384815591223,69.01470109294442,36.73813150830143,17.63136777349955,78.58159272511229,0.9878687607426317,58.54705882352941,71.16724678036896,5.231654255433527,81.48699413786134,48.67842430799909
1989,Least developed,7.310144372339611,7.1023564285714285,13.831971666666668,53.0464,78.43839147676168,68.59246947655764,73.40652137720681,41.71799416083952,8.689154992011474,49.592850571466805,57.25466666666667,14.533333333333333,31.804761904761904,53.97240552301887,8.331061175675675,360.8769704788388,42.68720599814637,0.35792452830188665,22.843333333333334,4.047446628411608,80.93699188232422,37.935015151515145,84.98215667568907,47.490144107652746,47.17634413718874,15.728864365740511,75.70364023844401,0.9852235422414886,72.93333333333332,61.333333333333336,5.269052187358491,61.15769230769231,30.970528480298157
1990,Developed,5.027686336708645,19.685910666666665,24.739114852941174,34.60711794520548,9.25656078950846,15.308860254648112,12.604856841984168,8.094299426849805,5.051616480651711,86.8540842687654,76.19369207317075,41.6875,22.133928571428573,4384.550740197203,0.25775,21211.7197552623,100.0,10.275178571428572,81.344375,50.10762787679346,94.18750000000001,87.98436315366972,101.0149188139001,98.66873925526936,42.1064660591695,23.14251162093573,91.125,1.0,7.0875,87.75,9.638259159940477,99.08830645161291,98.57653047162012
1990,Developing,3.585934770664658,15.289916715328468,17.927785263157897,47.72059606666667,52.58202151663232,49.67935446814723,50.57565833576998,20.989254967653004,9.613385970488098,69.39735908195532,63.700593974175035,25.876470588235293,26.76571428571428,258.4213114253468,0.0,1771.666724874654,85.0192489464149,9.668233215547705,43.75341176470588,14.377646077198555,82.19778989492964,61.906222496803075,88.73009105920791,69.52465181641217,34.86285281115881,17.63136777349955,77.80992938137183,0.9894862593102808,56.56470588235294,75.75548207448661,5.231654255433527,81.29759854457247,48.67842430799909
1990,Least developed,7.366820919072178,7.1023564285714285,13.831971666666668,53.0464,78.43839147676168,68.59246947655764,73.40652137720681,41.71799416083952,8.689154992011474,49.592850571466805,57.17366666666667,14.966666666666667,31.804761904761904,53.97240552301887,0.0,369.9301558038719,42.68720599814637,0.35792452830188665,23.259,3.7149734099706015,80.93699188232422,37.935015151515145,84.98215667568907,47.490144107652746,47.964601769760066,15.728864365740511,75.70364023844401,0.9852235422414886,72.60000000000001,71.33333333333333,5.269052187358491,61.15769230769231,30.970528480298157
1991,Developed,5.223436005173191,19.685910666666665,24.739114852941174,34.60711794520548,10.5750108520719,15.985824796185225,13.671415496994738,8.094299426849805,5.051616480651711,86.8540842687654,76.43478658536587,42.2,22.133928571428573,4384.550740197203,0.4563,22415.82947630016,100.0,10.275178571428572,81.431125,48.93927133490398,94.92857142857144,88.30599315366973,101.10425234814085,98.49862569173173,42.489205693710296,23.14251162093573,92.28571428571428,1.0,6.7125,88.5,9.638259159940477,99.07150537634409,98.57653047162012
1991,Developing,3.8326362362094955,15.289916715328468,17.927785263157897,47.72059606666667,55.79217978128189,53.324920283300926,54.06521070997346,20.989254967653004,9.613385970488098,69.39735908195532,64.03202295552367,26.323529411764707,26.76571428571428,258.4213114253468,15.51836566663286,1780.9709476860578,79.27407825948778,9.668233215547705,44.08635294117647,17.9641482054146,76.51328698283737,61.86641308503836,88.08841146072919,69.93183195590973,34.84594291724618,17.63136777349955,71.52276919570053,0.9878687607426317,54.6,75.81430560389836,5.231654255433527,77.52819082272084,48.67842430799909
1991,Least developed,4.8231014423900165,7.1023564285714285,13.831971666666668,53.0464,86.53936650520875,76.17790413816503,81.13059086643243,41.71799416083952,8.689154992011474,49.592850571466805,56.966,15.366666666666667,31.804761904761904,53.97240552301887,8.331061175675675,383.03476925840755,42.68720599814637,0.35792452830188665,23.681,3.9581940471445587,80.93699188232422,37.935015151515145,84.98215667568907,47.490144107652746,47.947629851334796,15.728864365740511,75.70364023844401,0.9852235422414886,72.23333333333333,63.666666666666664,5.269052187358491,56.2051282051282,30.970528480298157
1992,Developed,5.161732533646207,19.685910666666665,24.739114852941174,34.60711794520548,10.402663633868173,15.9847083629942,13.578526457728927,8.094299426849805,5.051616480651711,86.8540842687654,76.66344512195121,42.6875,22.133928571428573,4384.550740197203,0.7570875,23718.632040810626,100.0,10.275178571428572,81.538625,51.076697711246766,94.92857142857144,88.59049815366973,101.0325837232629,98.44599431355797,42.66975824162216,23.14251162093573,92.28571428571428,1.0,6.362500000000001,88.375,9.638259159940477,99.10900537634409,98.57653047162012
1992,Developing,3.5538806421184965,15.289916715328468,17.927785263157897,47.72059606666667,55.95980916439867,53.370237499595575,54.17512971256331,20.989254967653004,9.613385970488098,69.39735908195532,64.56206886657101,26.788235294117644,26.76571428571428,258.4213114253468,12.19656524143002,1839.2292341642117,81.1223228902343,9.668233215547705,44.411,21.372220842250947,81.93574140914417,62.302746026214834,87.89776091645746,68.35611038648781,34.98161219992831,17.63136777349955,78.05565969110017,0.9870600114588072,52.67058823529412,72.76470588235294,5.231654255433527,78.17406913280777,48.67842430799909
1992,Least developed,10.65613773222321,7.1023564285714285,13.831971666666668,53.0464,86.55694767699373,76.17180010062823,81.1299152482498,41.71799416083952,8.689154992011474,49.592850571466805,56.568999999999996,15.866666666666667,31.804761904761904,53.97240552301887,8.331061175675675,332.2680426203694,37.85813733209758,0.35792452830188665,24.108666666666664,3.8301599025726305,81.95799458821615,37.935015151515145,84.98215667568907,47.490144107652746,47.782551570915594,15.728864365740511,76.80242682562934,0.9901490281609924,71.93333333333334,63.0,5.269052187358491,61.15769230769231,30.970528480298157
1993,Developed,5.506225770159114,19.685910666666665,24.739114852941174,34.60711794520548,10.238622882859746,16.07129871675385,13.551138269036624,8.094299426849805,5.051616480651711,86.8540842687654,76.71567073170732,43.225,22.133928571428573,4384.550740197203,1.01825,23812.092237204513,100.0,10.275178571428572,81.649625,58.71670842984827,94.92857142857144,89.31643491972477,100.62170363445676,94.49317639668782,42.784882054490424,23.14251162093573,92.28571428571428,1.0,6.075,86.0,9.638259159940477,99.09650537634408,98.57653047162012
1993,Developing,3.6713562295088042,15.289916715328468,17.927785263157897,47.72059606666667,55.743179217059506,53.21336147876601,53.98131201975669,20.989254967653004,9.613385970488098,69.39735908195532,65.00557962697273,27.25294117647059,26.76571428571428,258.4213114253468,9.984800122667345,1941.3437247881297,78.03625579932266,9.668233215547705,44.74835294117647,20.82353430282537,81.18172524721568,59.324155437979535,81.43787381052971,61.71350867357575,34.95543734125014,17.63136777349955,77.05913842179393,0.9862512621749825,50.794117647058826,74.82352941176471,5.231654255433527,77.23525368910452,48.67842430799909
1993,Least developed,4.8231014423900165,7.1023564285714285,13.831971666666668,53.0464,86.49184041323417,76.0960325525405,81.0717174968671,41.71799416083952,8.689154992011474,49.592850571466805,56.04566666666667,16.266666666666666,31.804761904761904,53.97240552301887,8.331061175675675,324.886310750194,38.84602655837525,0.35792452830188665,24.432,4.227430730990078,80.93699188232422,37.935015151515145,84.98215667568907,47.490144107652746,47.77411014605,15.728864365740511,75.70364023844401,0.9852235422414886,71.83333333333333,64.33333333333333,5.269052187358491,61.15769230769231,30.970528480298157
1994,Developed,5.292875442533724,19.685910666666665,24.739114852941174,34.60711794520548,10.170253623151579,15.939903108459887,13.441975928781838,8.094299426849805,5.051616480651711,86.8540842687654,76.97435975609757,43.725,22.133928571428573,4384.550740197203,1.845375,25523.3831746749,100.0,10.275178571428572,81.769125,58.11971271445111,94.92857142857144,89.80118168577982,101.17380437072433,95.68895320892338,42.86809309392038,23.14251162093573,92.28571428571428,1.0,5.7625,88.125,9.638259159940477,99.09650537634408,98.57653047162012
1994,Developing,3.6336512329172046,15.289916715328468,17.927785263157897,47.72059606666667,55.611100858255156,52.92330078861726,53.72838684478053,20.989254967653004,9.613385970488098,69.39735908195532,65.29347489239598,27.729411764705883,26.76571428571428,258.4213114253468,7.77831865096349,2064.3126572016768,78.98662384105634,9.668233215547705,45.08929411764706,19.695244235124594,78.47318549770704,61.293666007033245,80.68487299312565,61.77231383373757,35.13400482282641,17.63136777349955,73.91340815694439,0.9868316278070294,48.91764705882353,79.0,5.231654255433527,73.75878310086921,48.67842430799909
1994,Least developed,17.993394481694242,7.1023564285714285,13.831971666666668,53.0464,86.38634938378031,75.991383297175,81.01147490803037,41.71799416083952,8.689154992011474,49.592850571466805,55.52633333333333,16.733333333333334,31.804761904761904,53.97240552301887,5.5546207837837835,347.0851859970507,37.824803998764246,0.35792452830188665,24.742333333333335,4.202077339024847,80.93699188232422,37.935015151515145,84.98215667568907,47.490144107652746,48.15666817781303,15.728864365740511,75.70364023844401,0.9852235422414886,71.76666666666667,67.0,5.269052187358491,63.83846153846154,30.970528480298157
1995,Developed,5.220732008858073,19.185958083333333,23.650690496323527,33.60311070205479,9.906641050758891,15.528026687500912,13.080965719432994,8.094299426849805,5.051616480651711,86.8540842687654,76.96637195121951,44.2375,22.133928571428573,4384.550740197203,3.52375,28646.049780148525,100.0,10.275178571428572,81.8875,60.197385672825135,94.92857142857144,89.69672741972477,100.61989968163633,94.61525052388508,42.93712015333685,23.14251162093573,92.28571428571428,1.0,5.55,87.75,9.638259159940477,99.21720430107527,98.57653047162012
1995,Developing,3.4800573883013484,15.289916715328468,17.927785263157897,47.72059606666667,55.151504366660106,52.683813209068234,53.437172960179424,20.989254967653004,9.613385970488098,69.39735908195532,65.712631276901,28.188235294117646,26.76571428571428,258.4213114253468,5.594730249847871,2122.584974501465,79.45161708046496,9.668233215547705,45.42982352941176,19.272227326716962,81.18172524721568,60.483534849744245,83.70866963267326,65.03482642895034,35.333699954960224,17.63136777349955,77.05913842179393,0.9862512621749825,47.07058823529411,78.70588235294117,5.231654255433527,81.28231251263392,48.67842430799909
1995,Least developed,3.6162276144380905,7.1023564285714285,13.831971666666668,53.0464,86.269693045564,75.86613994186973,80.92117442676691,41.71799416083952,8.689154992011474,49.592850571466805,55.03266666666667,17.233333333333334,31.804761904761904,53.97240552301887,5.556600783783783,371.8680509099774,39.107663928166915,0.35792452830188665,25.055666666666667,4.270514120590194,80.93699188232422,37.935015151515145,84.98215667568907,47.490144107652746,48.31880205138517,15.728864365740511,75.70364023844401,0.9852235422414886,71.76666666666667,70.33333333333333,5.269052187358491,55.2051282051282,30.970528480298157
1996,Developed,5.285971322727779,19.685910666666665,24.739114852941174,34.60711794520548,9.975898396383158,15.9558702947298,13.363488453114543,8.094299426849805,5.051616480651711,86.8540842687654,77.31155487804878,44.7625,22.133928571428573,4384.550740197203,6.505,28662.193989299063,100.0,10.275178571428572,82.00637499999999,63.60910011151941,94.92857142857144,89.86400491972478,100.4809035573687,94.5946330388387,43.05494808111076,23.14251162093573,92.28571428571428,1.0,5.3625,90.25,9.638259159940477,99.30040322580645,98.57653047162012
1996,Developing,3.4542017833499705,15.289916715328468,17.927785263157897,47.72059606666667,54.644350239869574,52.30500126135822,53.0199106308478,20.989254967653004,9.613385970488098,69.39735908195532,66.14006743185078,28.676470588235293,26.76571428571428,258.4213114253468,4.550495237525356,2229.906729540544,80.20996080416239,9.668233215547705,45.76764705882353,18.992094298917763,79.70044729149711,61.542861320332484,84.03965351791942,66.45642289694618,35.48468290624136,17.63136777349955,75.11448322051194,0.9870600114588072,45.252941176470586,79.82352941176471,5.231654255433527,82.90466141095614,48.67842430799909
1996,Least developed,4.8231014423900165,7.1023564285714285,13.831971666666668,53.0464,86.06345499755692,75.69714586324079,80.76172679298757,41.71799416083952,8.689154992011474,49.592850571466805,54.74733333333333,17.666666666666668,31.804761904761904,53.97240552301887,5.559640783783784,411.02558916125,39.23723584283977,0.35792452830188665,25.372666666666664,4.508358180386832,80.93699188232422,37.935015151515145,84.98215667568907,47.490144107652746,48.463536488353405,15.728864365740511,75.70364023844401,0.9852235422414886,71.26666666666667,73.66666666666667,5.269052187358491,61.15769230769231,30.970528480298157
1997,Developed,5.1059720660409615,19.685910666666665,24.739114852941174,34.60711794520548,10.137609270285457,15.858154915254637,13.368231253853878,8.094299426849805,5.051616480651711,86.8540842687654,77.60914634146341,45.25,22.133928571428573,4384.550740197203,12.6575,28201.781801115223,100.0,10.275178571428572,82.137875,59.62129583009858,94.92857142857144,90.10222638761468,100.53590958459039,94.82091801961262,43.18327496253174,16.823171014682067,92.28571428571428,1.0,5.175,87.25,9.638259159940477,99.10040322580645,98.57653047162012
1997,Developing,3.465122974116697,15.164530429368831,17.367025232198145,75.98345134117646,54.62204976444277,52.248824606576484,52.95564839869391,20.989254967653004,9.613385970488098,69.39735908195532,66.67692826398853,29.158823529411762,26.76571428571428,258.4213114253468,3.5552831781440166,2326.7915813093314,80.71576217254109,9.668233215547705,46.11917647058823,20.293491870580077,81.18172524721568,62.471490163043484,87.64208335368073,71.19315574599915,35.657850386277936,11.220717242132109,77.05913842179393,0.9862512621749825,43.5,80.76470588235294,5.231654255433527,78.20350111178493,48.67842430799909
1997,Least developed,4.8231014423900165,7.1023564285714285,13.831971666666668,53.0464,85.85456077972579,75.5594439803735,80.62068023446311,41.71799416083952,8.689154992011474,49.592850571466805,54.65966666666667,18.133333333333333,31.804761904761904,53.97240552301887,2.790000391891891,385.2746010747233,39.365674156641845,0.35792452830188665,25.691999999999997,4.389188190165175,80.93699188232422,37.935015151515145,62.61654467161008,37.61249945820243,48.59067475229853,12.076288121913514,75.70364023844401,0.9852235422414886,70.39999999999999,74.0,5.269052187358491,59.57179487179487,30.970528480298157
1998,Developed,5.110669499082912,19.218327916666667,25.453009283088235,38.13603246575342,10.02946254271144,15.780630620853774,13.280258831345353,8.094299426849805,5.051616480651711,86.8540842687654,77.80527439024392,45.775,22.133928571428573,4384.550740197203,20.635,27328.417283105773,100.0,10.275178571428572,82.268125,57.496771467022775,94.92857142857144,89.97298190366972,100.77072819884948,97.74414927164712,43.34288260261888,17.381830232559167,92.28571428571428,1.0,5.05,89.875,9.638259159940477,99.17110215053764,98.57653047162012
1998,Developing,3.910491517118739,14.343936504937744,17.48936904024768,51.36274804313726,54.09625447643461,52.45894481583563,52.95282972059701,20.989254967653004,9.613385970488098,69.39735908195532,67.06927977044475,29.676470588235293,26.76571428571428,258.4213114253468,3.818038413438134,2133.5212824188097,81.66563946842517,9.668233215547705,46.4814705882353,21.568816476865237,81.18172524721568,57.81937895780051,79.89601030104302,65.85350163543926,35.774015459700976,12.274907348413317,77.05913842179393,0.9862512621749825,41.80588235294118,81.0,5.231654255433527,76.1599636143117,48.67842430799909
1998,Least developed,3.6350909745251676,6.414470952380952,12.83288777777778,53.0464,85.56011639868929,75.3758714732388,80.39639991645264,41.71799416083952,8.689154992011474,49.592850571466805,54.547,18.633333333333333,31.804761904761904,53.97240552301887,2.8096537252252247,318.96568643723833,31.487017833936154,0.35792452830188665,25.985666666666663,6.329731444381686,76.29132792154948,30.8238301010101,67.98630137021848,47.490144107652746,48.63135259285023,12.076288121913514,69.46909349229601,0.9901490281609924,69.10000000000001,73.66666666666667,5.269052187358491,52.1051282051282,30.970528480298157
1999,Developed,5.156553514061436,19.310952999999998,25.84953488970588,36.84519720890411,9.966077407139231,15.817504144552737,13.25353834061965,8.094299426849805,5.051616480651711,86.8540842687654,77.9780487804878,46.2625,22.133928571428573,4384.550740197203,28.8875,28137.99065107605,100.0,10.275178571428572,82.396625,58.7027493837403,94.92857142857144,90.33882513761468,100.70799796435305,97.74414927164712,43.52343997352981,19.001802466833038,92.28571428571428,1.0,4.9,92.375,9.638259159940477,99.10860215053764,98.57653047162012
1999,Developing,3.794785333398959,15.063149841133535,18.267796068111455,49.85002863137255,54.032257997790886,52.54961409935993,52.97261817843165,20.989254967653004,9.613385970488098,69.39735908195532,67.42177618364418,30.158823529411766,26.76571428571428,258.4213114253468,2.0119277064401624,2167.698363591763,82.36051237625645,9.668233215547705,46.84894117647059,22.70418154053169,81.70044729149711,55.49741304667519,82.5298645147506,63.84102511305768,35.943721928809964,13.072450525302829,77.64389498521781,0.9870600114588072,40.15294117647059,81.11764705882354,5.231654255433527,83.32466949666465,48.67842430799909
1999,Least developed,4.8231014423900165,7.1023564285714285,13.831971666666668,53.0464,85.14869961490517,75.03964518238854,80.03218463933912,41.71799416083952,8.689154992011474,49.592850571466805,54.25899999999999,19.099999999999998,31.804761904761904,53.97240552301887,0.06471733333333334,352.7490643493131,29.969080962089645,0.35792452830188665,26.22,5.863012283836323,80.93699188232422,28.986610000000002,69.90129852294923,34.642311524653785,48.52512420970663,12.641861892405307,75.70364023844401,0.9852235422414886,67.3,69.66666666666667,5.269052187358491,64.90512820512821,30.970528480298157
2000,Developed,4.902555197477341,18.940205416666664,25.94077488970588,37.097455958904106,9.74620026634731,15.541131339028782,12.987543579078686,7.568475531422429,5.545550145681212,86.88597356498718,78.2907317073171,46.725,30.987499999999997,2322.673576355,37.925,28552.79934557464,100.0,17.65,82.516875,58.3364337886252,94.68750000000001,90.20230315366973,100.08280572112727,97.74414927164712,43.72285075065774,20.94797038081089,91.875,1.0,4.8125,91.75,7.97792150125,99.22930107526882,98.37981086343532
2000,Developing,4.130247687430404,15.339201009016747,18.562150185758515,46.61857262352942,54.20775823888281,52.190800661070035,52.782852013631526,28.32695708810458,9.976535576903165,61.69650693535158,67.6075681492109,30.676470588235293,32.99596638655462,122.72778982619687,3.316904177028398,2149.361989068818,73.60000000000001,9.791245063396383,47.24182352941176,23.416336157287937,84.52935163055133,56.89690776214834,82.46411579216226,67.60281650759593,36.15342393298957,12.473099552383747,81.27356015527843,0.9671646870103245,38.523529411764706,81.52941176470588,4.478585759143149,65.11058419243987,45.76685660845609
2000,Least developed,3.771004306828534,6.604640952380952,13.831971666666668,53.0464,84.7511739979419,74.6790618794802,79.65710861436203,58.38874484764303,6.88587503003135,34.7253801287404,54.48866666666667,19.599999999999998,43.4,25.91790361100629,2.926353725225225,351.8677228453166,30.733333333333334,0.2093081761006289,26.456333333333333,4.680141508443168,83.95799458821615,30.34409666666667,83.11035532529661,43.37595961750416,48.27664057910604,10.813082293133903,79.13576015896267,0.9901490281609924,65.06666666666666,73.0,4.602366499119497,51.37179487179486,24.556906072767703
2001,Developed,4.985068827867506,19.52357175,25.53272613970588,37.69624095890411,9.43640337063897,15.42683534483128,12.774868909980153,8.094299426849805,5.051616480651711,86.8540842687654,78.58137195121951,47.225,22.133928571428573,2334.99395751875,43.800000000000004,27413.847686767298,100.0,16.252499999999998,82.775625,58.72295072136855,94.92857142857144,90.34537815366973,101.33143855114375,97.74414927164712,43.92958959529742,18.61867375998758,92.28571428571428,1.0,4.7,93.375,8.19861497875,99.22930107526882,98.38094513942468
2001,Developing,4.0175327300306165,15.305905521683128,18.81381783281734,43.05827003921569,53.42701876081975,51.86875534704952,52.341063109247834,20.989254967653004,9.613385970488098,69.39735908195532,67.9739655667145,31.19411764705882,26.76571428571428,124.213214231491,3.0354658823529412,2071.906666291752,74.91764705882352,9.308996050717107,47.65929411764706,24.441556928775736,77.98387521813149,56.17722539961636,84.92818505238084,68.86716669898072,36.2169322614332,13.691598827170946,73.22865154864171,0.9900304513151239,36.93529411764706,82.88235294117646,4.709152575613737,82.25878310086921,45.94998448100379
2001,Least developed,3.7894742762600906,6.913250952380952,11.238734444444447,53.0464,83.53124073156127,73.98845203431833,78.69898164028156,41.71799416083952,8.689154992011474,49.592850571466805,54.113,20.099999999999998,31.804761904761904,27.212178894339626,0.29242966666666664,345.04476386118836,28.900000000000002,0.15264150943396224,26.69366666666667,6.5896739859695215,80.93699188232422,31.97722333333333,76.56531651814781,33.833421499832816,48.04168512679596,11.035304515356126,75.70364023844401,0.9852235422414886,62.53333333333334,69.33333333333333,4.8080910257861635,59.77179487179487,25.25044623581557
2002,Developed,5.116783618927004,19.563370499999998,25.86489863970588,38.13659845890411,9.336336670643432,15.343848257376747,12.677310932747897,8.094299426849805,5.051616480651711,86.8540842687654,78.73926829268294,47.725,22.133928571428573,2518.41320037875,54.63226943877551,28294.716717646414,100.0,15.80125,83.104625,59.52594031938691,94.92857142857144,90.61102241972478,101.2841591932335,97.74414927164712,44.026046777996214,20.85600397836172,92.28571428571428,1.0,4.625,93.25,8.49630851,99.24180107526881,98.38121176982864
2002,Developing,4.047707301567044,15.802390034349507,17.604404582043344,43.44919592156863,53.57388738864364,51.88682582570362,52.40964073557428,20.989254967653004,9.613385970488098,69.39735908195532,68.30457532281206,31.7235294117647,26.76571428571428,108.01466826882354,4.699821176470588,1947.9046918838062,75.87058823529412,9.33311369777593,48.09688235294117,26.31040198354925,84.72720165963553,58.797732458439896,86.04057505674221,72.30120893286055,36.242701913028434,12.912760034189821,81.515811734313,0.9913479456809959,35.370588235294115,81.41176470588235,4.999728050588235,85.87761067313524,46.22289731165697
2002,Least developed,3.7858042990719807,6.44064761904762,13.831971666666668,53.0464,82.63095044156563,73.11119751875346,77.8068100836259,41.71799416083952,8.689154992011474,49.592850571466805,55.50533333333333,20.6,31.804761904761904,28.548408854339623,0.44247533333333333,340.4743019435993,31.433333333333337,0.2593081761006289,26.932,4.7610982059071585,80.93699188232422,32.99758,78.46713892618813,36.27799522012905,47.754993335642894,11.035304515356126,75.70364023844401,0.9852235422414886,59.93333333333334,68.0,5.024873972452831,61.15769230769231,25.9458004520416
2003,Developed,5.1528307813550205,19.26234183333333,25.91923363970588,37.19180720890411,9.357270316388945,15.589041583666091,12.804466421702857,8.094299426849805,5.051616480651711,86.8540842687654,78.97006097560975,48.225,22.133928571428573,2941.65623474125,59.81976943877551,32037.5761927525,100.0,14.366249999999999,83.420625,60.06952693520522,94.92857142857144,90.95403991972476,100.84088318688532,97.74414927164712,44.23643843723505,21.41152619183258,92.28571428571428,1.0,4.5375,94.625,8.73151148875,99.17930107526882,98.38148219297885
2003,Developing,4.135955616935165,14.706252782310006,16.883532538699694,41.34355569019608,53.95763964966311,51.839162798105896,52.44427942508396,20.989254967653004,9.613385970488098,69.39735908195532,68.59115064562411,32.27058823529412,26.76571428571428,115.18063461058824,6.059288235294118,2099.649636563585,76.65882352941176,9.424982332155476,48.52764705882353,25.87998825924579,81.8769178797324,62.20545011508951,86.31073808792763,72.93278370234145,36.44941805226461,13.83810145651987,78.05565969110017,0.990201039808471,33.84705882352941,83.11764705882354,4.916932505294118,74.39409743278756,46.4876576376712
2003,Least developed,4.8231014423900165,7.1023564285714285,13.831971666666668,53.0464,81.98361242759057,72.4060393156641,77.11873328973087,41.71799416083952,8.689154992011474,49.592850571466805,55.632000000000005,21.166666666666668,31.804761904761904,28.75947478433962,0.6950333333333334,359.73933287192295,33.166666666666664,0.27264150943396226,26.997,4.9649015067647015,80.93699188232422,33.27643333333334,81.3777389526367,37.624334763789555,47.426881218777105,11.828320642238708,75.70364023844401,0.9852235422414886,57.53333333333333,71.66666666666667,4.86203608245283,63.27179487179487,26.59715281984853
2004,Developed,5.084438385381812,19.77484925,25.83450613970588,36.61826345890411,9.505664199157154,15.854250594939192,13.015998083636974,8.094299426849805,5.051616480651711,86.8540842687654,79.30128048780487,48.6875,22.133928571428573,3310.33109283375,64.98226943877552,36521.58100061078,100.0,14.03125,83.734875,60.668521667108294,94.92857142857144,90.57561741972478,100.88210345287713,97.74414927164712,44.39780823973011,21.56879519870373,92.28571428571428,1.0,4.4375,94.5,8.732238625,99.10430107526882,98.43216719901915
2004,Developing,4.163330937582622,15.433405714899102,17.57444984520124,39.76619226666667,53.75978248813944,50.91054359644521,51.69570829800801,20.989254967653004,9.613385970488098,69.39735908195532,68.79488091822094,32.811764705882354,26.76571428571428,130.23863138941178,8.071764705882353,2435.7649658576092,78.26470588235294,9.230276449802535,48.964588235294116,26.252250038512468,80.07426057292253,62.31660364450128,83.91644990970107,71.70042196492187,36.63191928570513,13.9796201629488,75.91581168943422,0.9685786083346608,32.49411764705882,85.29411764705883,4.834674044117647,77.61408530422479,46.75460371920709
2004,Least developed,3.7886743024543477,7.1023564285714285,13.831971666666668,53.0464,81.10373209563014,71.442893133567,76.18921017959856,41.71799416083952,8.689154992011474,49.592850571466805,56.434666666666665,21.666666666666668,31.804761904761904,30.000843394339626,0.8081,379.397510847102,32.0,0.18264150943396226,27.03633333333333,4.969698170684786,78.62466125488281,35.27781838383839,83.39429280547056,40.19393773009812,47.18849226979264,11.828320642238708,71.80242682562934,0.9901490281609924,55.76666666666667,77.33333333333333,4.8893316557861635,46.2051282051282,27.24761515516413
2005,Developed,4.980286359786987,19.746785416666665,25.77048613970588,36.34778720890411,9.301893042841849,15.768795755783033,12.868446797280798,8.094299426849805,5.051616480651711,86.8540842687654,79.52646341463415,49.1375,26.7375,3504.309562685,69.0,38609.509043365826,100.0,9.87625,84.045125,64.1453274691977,94.92857142857144,90.68233418577982,100.45221377392213,97.74414927164712,44.54477087240029,21.768583183072465,92.28571428571428,1.0,4.3625,94.375,8.75541505125,99.12930107526881,98.09313643086392
2005,Developing,4.270405969648518,15.736910227565481,18.323717523219816,39.75084791764706,53.24932265449136,50.28962221409416,51.10268272426884,20.989254967653004,9.613385970488098,69.39735908195532,69.21486800573888,33.38823529411765,30.043025210084036,155.6626552417647,9.658941176470588,2939.247087198591,79.11176470588236,9.23802743712326,49.406294117647064,27.204661709849198,77.05888483349817,60.62304128196931,84.48779698399937,67.82483492378427,36.924936807811605,15.65564186461905,71.74628591858651,0.9685131697570768,30.92941176470588,86.29411764705883,4.906935766470589,80.09055589246009,46.97315181941432
2005,Least developed,4.8231014423900165,7.1023564285714285,13.831971666666668,53.0464,79.9182575839688,70.13028460282594,74.937446812811,41.71799416083952,8.689154992011474,49.592850571466805,56.88666666666666,22.166666666666668,38.233333333333334,31.49790735100629,0.9274,413.1702665022847,34.63333333333333,0.1693081761006289,27.076666666666668,5.185484866165132,80.93699188232422,38.95748676767676,87.99205393369505,41.09139421711799,46.9699040337212,13.828320642238708,75.70364023844401,0.8812490374434224,54.26666666666667,74.33333333333333,4.814881722452831,55.37179487179486,27.86128344111877
2006,Developed,4.912570627346154,19.47006533333333,25.249179283088232,35.72610345890411,9.21384727790133,15.64250617802996,12.750322909489466,8.094299426849805,5.051616480651711,86.8540842687654,79.77649390243903,49.6125,22.133928571428573,3729.3336715699998,70.3375,40846.712943814,100.0,10.02,84.32575,61.07818534432387,94.92857142857144,90.00767241972477,100.84971190472038,97.74414927164712,44.694551331367066,22.5557799280176,92.28571428571428,1.0,4.2875,94.625,8.8289339075,99.27930107526882,98.15774017449596
2006,Developing,4.0807426792823716,15.521372194074713,18.39120077399381,40.68356003921569,52.59393617512401,49.5908651813272,50.43591061475012,20.989254967653004,9.613385970488098,69.39735908195532,69.59068005738881,33.94705882352941,26.76571428571428,180.98275308,11.508882352941177,3514.5548760569395,80.75294117647059,9.14508626065267,49.82694117647059,30.32951276967189,81.01062958626989,61.6963730370844,86.34614358649534,70.03383435972599,37.07981119724534,15.28942273502092,76.62998006244277,0.9920508195849218,29.54705882352941,86.88235294117646,4.905894514705882,77.21762684455226,47.1735268867171
2006,Least developed,4.8231014423900165,7.1023564285714285,13.831971666666668,53.0464,78.31674079748893,68.4196746410307,73.27417149229173,41.71799416083952,8.689154992011474,49.592850571466805,57.43866666666667,22.7,31.804761904761904,31.666323691006294,1.0166666666666666,448.8523049973907,37.699999999999996,0.1993081761006289,27.117,5.974981446924819,80.93699188232422,37.78964171717172,90.58944254505388,42.63470374674035,46.75361179271553,14.050542864460942,75.70364023844401,0.9852235422414886,53.23333333333333,77.33333333333333,4.545981779119497,57.819230769230764,28.4834203355215
2007,Developed,4.833500415086746,19.48719033333333,25.213835533088233,35.970069965753424,8.877198739621186,15.344640015687338,12.447838687852515,8.094299426849805,5.051616480651711,86.8540842687654,79.99384146341465,50.05,22.133928571428573,4134.019592285,74.65,45044.262223520665,100.0,10.14375,84.597875,61.669380089131785,94.92857142857144,89.77015741972477,100.73094607372676,97.74414927164712,44.590961609310654,23.467992717599,92.28571428571428,1.0,4.1875,94.0,8.880178911249999,98.99180107526882,98.22128293450749
2007,Developing,4.205661455070992,15.824227479604982,18.063189566563466,38.66241709803922,53.118915315373805,49.17347351296331,50.38018233402474,20.989254967653004,9.613385970488098,69.39735908195532,69.84493113342899,34.53529411764706,26.76571428571428,220.44185184058824,13.365882352941176,4093.4960386787066,81.32941176470588,9.514982332155476,50.24852941176471,32.45384340381028,77.88388406679029,63.92873654731458,86.59570624267357,72.61076491069392,37.46107643560854,16.227018036111335,73.85350870732829,1.0019156649714709,28.241176470588236,87.58823529411765,5.033047158235294,83.07408934707904,47.37444408423776
2007,Least developed,3.7485009705578847,7.1023564285714285,13.831971666666668,53.0464,77.31022160703257,67.28763664592833,72.19231668776614,41.71799416083952,8.689154992011474,49.592850571466805,57.903999999999996,23.23333333333333,31.804761904761904,31.63123864767296,1.2356666666666667,521.4568825273413,35.63333333333333,0.17597484276729558,27.15833333333333,8.097797542742414,80.93699188232422,39.10308838383838,91.43515329944846,43.95153088500532,46.54420550335836,17.080353162563906,75.70364023844401,0.9852235422414886,51.96666666666667,80.33333333333333,4.065937259119496,62.07179487179487,29.11436105021433
2008,Developed,4.8670099675655365,18.339268999999998,23.87096617647059,33.50422897260274,8.668619838789214,15.170053299467495,12.249107740929283,8.094299426849805,5.051616480651711,86.8540842687654,80.16493902439025,50.525,22.133928571428573,4444.30297851625,76.025,47908.19818423979,100.0,9.4425,84.860125,61.12899961122652,94.92857142857144,90.01113366972477,100.68680144329457,97.79570573170977,44.67234531931665,23.66027267074954,92.28571428571428,1.0,4.0875,93.875,9.141884189999999,99.13360215053763,98.2847531333611
2008,Developing,4.550252380270406,15.976378059252898,18.71261835913313,35.673415207843135,52.54487590040966,48.61390515724922,49.814931757922565,20.989254967653004,9.613385970488098,69.39735908195532,70.17795695839311,35.10588235294117,26.76571428571428,251.92969120235296,15.250588235294117,4693.385225213958,82.34705882352941,8.229688214508418,50.68294117647059,32.72407394690438,83.84484871845905,65.37221068414321,86.44327896500337,71.76864824775888,37.514645442948144,16.366802305137647,80.45698820490124,0.990345085106072,27.01764705882353,88.88235294117646,5.002931525882353,80.6105720638771,47.57923728695633
2008,Least developed,4.8231014423900165,7.1023564285714285,13.831971666666668,53.0464,76.1850350167375,66.06910001435641,70.99693367695077,41.71799416083952,8.689154992011474,49.592850571466805,56.56633333333334,23.766666666666666,31.804761904761904,39.326262504339624,1.4100000000000001,621.8222232939233,38.233333333333334,0.17597484276729558,27.212666666666667,6.808671613398206,79.62466125488281,40.52128838383838,91.3624349970396,48.191835624584265,46.2868786427456,15.742374068487237,73.80242682562934,0.9901490281609924,54.333333333333336,83.66666666666667,4.66004881245283,61.15769230769231,29.758429524892534
2009,Developed,5.174169659614565,19.608587749999998,24.846144926470586,34.70409522260274,8.861162671046928,15.445345324726528,12.45497234738313,8.094299426849805,5.051616480651711,86.8540842687654,80.45731707317074,50.95,22.133928571428573,4476.310668945,77.75,43845.7869494501,100.0,9.115,85.109,61.0333446467795,94.92857142857144,90.13538866972478,100.78077555675904,97.82065957387286,44.84584314139075,23.89225229462881,92.28571428571428,1.0,3.9875,93.75,9.964891301249999,99.05430107526881,98.34769566467386
2009,Developing,4.540206424718888,16.054204723057104,19.283492755417956,58.48107331764706,52.35076501378413,48.07775516471802,49.40732175643064,20.989254967653004,9.613385970488098,69.39735908195532,70.50986083213773,35.71176470588235,26.76571428571428,252.4837896117647,17.988235294117647,4138.573055729166,83.7,9.269099979214301,51.119882352941175,32.021475934800435,83.84484871845905,65.44981831202047,87.52486451548693,71.6555894578204,37.76343190426676,17.853743568289698,80.28051761666595,0.9912479466178407,25.876470588235293,89.52941176470588,5.329023644705882,83.86702648069537,47.7842179042179
2009,Least developed,3.7706276452099807,6.478787619047619,13.831971666666668,38.29845666666667,75.2086849085442,65.07374968375599,70.06062241693864,41.71799416083952,8.689154992011474,49.592850571466805,59.554,24.299999999999997,31.804761904761904,42.89855991767296,1.5833333333333333,789.8788079034749,40.266666666666666,0.2593081761006289,27.334333333333333,7.434641500177982,79.29132792154948,40.221350101010096,92.35832783965026,46.8041021651116,46.72096733868897,17.273448925297235,73.46909349229601,0.9901490281609924,48.366666666666674,85.66666666666667,5.004119342452831,60.83846153846154,30.435427556037435
2010,Developed,5.529428809881211,20.562742666666665,25.328614319852942,34.02226047945206,8.608338810477603,15.267155902261177,12.243123423860906,8.015502317750034,5.021191980515425,86.96330617554513,80.67914634146342,51.4125,23.2125,4774.085922242501,79.1125,47584.28413658125,100.0,9.21875,85.34575,60.83237065920016,95.06250000000001,90.21212668577982,100.59028960247431,97.50404828389485,44.94641532547945,23.87083846593945,92.5,1.0,3.8875,93.625,9.89861058125,98.84180107526882,98.4301784232332
2010,Developing,4.462544502499955,16.055265899527697,18.936882445820434,57.836549325490196,52.007471775723985,47.639290103353126,49.01167049873569,21.06090952033725,9.455502601300049,69.48358764682351,70.80277761836442,36.294117647058826,27.531260504201683,281.80459258117645,21.773529411764706,5037.413016676103,83.84117647058824,8.958511743920184,51.56264705882353,31.294400754642137,84.64699868937485,65.2539224488491,87.00952779668216,71.52760128313754,37.77694870959721,18.850642759415376,81.39120721410195,0.9912978726751852,24.83529411764706,89.70588235294117,5.079976131764706,81.29879927228623,47.990326092456584
2010,Least developed,2.633650475519676,6.343657619047619,13.831971666666668,35.63386333333333,73.92790767894776,63.790408270497096,68.7978932674713,42.94885643226456,8.52512187187859,48.526021447082336,60.56433333333334,24.86666666666667,33.43333333333333,57.44901402666667,2.6366666666666667,954.7877444387797,39.6,0.05333333333333334,27.458333333333332,8.51356092088571,80.93699188232422,40.30738676767677,89.60766916858906,49.051787486974746,46.893157599998034,13.461986979252854,75.70364023844401,0.9794790616222454,46.1,89.66666666666667,6.449179476666667,67.58589743589744,31.121820092425168
2011,Developed,5.43038746714592,20.41163775,24.74663556985294,34.05488422945206,8.907532804775066,15.186757134697913,12.330931063896239,8.094299426849805,5.051616480651711,86.8540842687654,80.9427743902439,51.8125,22.133928571428573,5225.72001648,79.85,52389.1170052531,100.0,7.88875,85.512,61.35855283388277,95.06250000000001,90.15667418577982,101.0840087034265,97.69215195973713,45.10720325791324,24.20190780139894,92.5,1.0,3.8125,93.625,9.977270055,98.82930107526882,98.51247521755232
2011,Developing,4.02272184272697,15.341655513095748,18.012570712074304,61.15786073333334,52.3812788439294,47.792915931795676,49.281908318474095,20.989254967653004,9.613385970488098,69.39735908195532,71.00170014347202,36.911764705882355,26.76571428571428,315.0800267394118,24.83529411764706,5533.270755287653,84.82941176470588,8.613217626273125,51.98511764705882,32.52091685725703,79.16572073365627,66.78294773337596,88.89616683370924,78.15021062247892,37.79495462821025,19.098732713128328,74.85831671870231,0.9742690749099706,23.93529411764706,91.0,5.087351634117646,78.19527794623004,48.410188687599224
2011,Least developed,2.373743806061922,6.362487619047619,13.831971666666668,23.284103333333334,72.6080198458776,62.46162491630154,67.46487433458547,41.71799416083952,8.689154992011474,49.592850571466805,61.888,25.400000000000002,31.804761904761904,60.18300374333334,4.16,1113.2884751487034,42.800000000000004,0.04,27.584333333333333,11.315803368886312,81.81889801025392,37.935015151515145,86.54333618060262,48.99013096353283,46.80512990318417,12.940926025846084,77.15764634874131,0.9993190438139656,44.13333333333333,89.33333333333333,5.838804936666667,66.11923076923077,31.751630073970933
2012,Developed,5.09264573454857,20.04347908333333,23.566696176470586,31.384255479452055,8.844067125351142,15.156846951422583,12.287747035904335,8.094299426849805,5.051616480651711,86.8540842687654,81.1297256097561,52.2625,22.133928571428573,5265.10641479625,81.3,52862.14607690292,100.0,7.65875,85.619375,61.61951007494112,95.06250000000001,89.95817095183486,100.6857581235925,97.76642602284748,45.13545082997655,24.243042750110458,92.5,1.0,3.7249999999999996,94.375,10.07852902125,98.77930107526882,98.59435957621176
2012,Developing,4.4200430733405955,15.211085513095751,16.70489306501548,54.105507792156864,51.45292736166487,47.07593884798449,48.54935145605016,20.989254967653004,9.613385970488098,69.39735908195532,71.42007030129125,37.50588235294118,26.76571428571428,319.4309295797263,27.25,6173.779918329547,87.66470588235293,9.070172521305341,52.40088235294118,34.62154613083994,80.29405751290426,66.88850773337596,89.71100080837223,75.54999810306965,37.94806537237372,19.676719482754407,76.33238368469019,0.9917802285222634,22.91764705882353,90.76470588235294,5.075036696790208,86.89291691934507,48.85447434135695
2012,Least developed,3.0236844221750903,8.763725476190476,16.609564444444445,90.96373666666666,71.4765791811808,61.424054688670765,66.34965835416004,41.71799416083952,8.689154992011474,49.592850571466805,62.894000000000005,25.96666666666667,31.804761904761904,65.09232075999999,6.113333333333333,1211.3565388147233,47.199999999999996,0.09999999999999999,27.712333333333333,8.647958745491005,80.93699188232422,41.248443434343436,89.78520517933127,56.249817322993614,46.52330833230943,13.770318959559264,75.70364023844401,0.9852235422414886,41.333333333333336,89.66666666666667,5.529700963333333,65.43846153846154,32.31772360349527
2013,Developed,5.194514334201813,20.849532666666665,23.41081121323529,29.6647375,8.701004022195105,14.9461718741268,12.102612031119031,8.094299426849805,5.051616480651711,86.8540842687654,81.25106707317074,52.6875,22.133928571428573,5240.76571655375,84.8,53016.068325559914,100.0,7.6450000000000005,85.722375,66.5494067750326,95.18750000000001,90.17127220183487,100.63239432354366,97.96937173207598,45.25454051905516,24.8605732430076,92.625,1.0,3.6625,93.875,10.088905275,98.35860215053764,98.67612213526682
2013,Developing,4.498724655723858,15.125178454272222,17.700065139318887,38.42902262352942,51.33368671951412,47.021601062427614,48.42256972606518,20.989254967653004,9.613385970488098,69.39735908195532,71.69222238163559,38.11764705882353,26.76571428571428,342.76052581854987,29.819411764705883,6179.079214828365,87.44117647058823,9.208996050717108,52.81458823529412,36.005853993479576,83.28336779247981,68.07558183184143,92.16887886804696,76.38432108855046,37.78123420010653,21.168656175052156,80.09361083634937,0.9925654444898687,22.064705882352943,87.76470588235294,5.237022550907855,83.71880735799475,49.33419679315255
2013,Least developed,3.1072725852330536,9.32852880952381,16.636074444444446,89.17010666666665,71.2656770752819,61.39431993460057,66.19065449583047,41.71799416083952,8.689154992011474,49.592850571466805,63.859,26.5,31.804761904761904,69.75229390333334,7.766666666666667,1289.0187937553335,49.333333333333336,0.5700000000000001,27.842000000000002,6.452191491785658,80.93699188232422,41.5345501010101,89.11904713896665,53.320015382075646,46.18757774024851,19.27972244404063,75.70364023844401,0.9852235422414886,39.5,85.33333333333333,5.804423553333333,61.15769230769231,32.8897576578457
2014,Developed,5.113404303789137,20.781057666666666,23.700896213235293,32.42950349315068,8.63409882205432,14.868578829629941,12.031068914160814,8.094299426849805,5.051616480651711,86.8540842687654,81.51298780487805,53.087500000000006,22.133928571428573,5371.9327087425,85.75,52972.574202588425,100.0,7.77,85.8215,67.31810022214563,95.18750000000001,90.40644720183487,100.46096564312366,97.93261903127032,45.303167963625015,25.242614051368886,92.625,1.0,3.625,94.0,10.26128772375,98.42930107526882,98.75775145457058
2014,Developing,4.418329988597565,14.478786303134394,17.893921640866875,56.29501298039216,50.662346096987164,46.854351771763106,48.044816690250414,20.989254967653004,9.613385970488098,69.39735908195532,71.90168579626973,38.747058823529414,26.76571428571428,350.90200149560866,32.78823529411765,5907.205148059272,89.05882352941177,10.232421533984619,53.23023529411765,36.23324161679647,82.25661342434141,69.04562828324808,91.51581094563005,77.28005672002038,37.786914045733624,20.73488385398494,78.75110585196006,0.9902333228909626,21.276470588235295,89.6470588235294,5.409147100319619,80.7541014756418,49.85948914623373
2014,Least developed,3.2390282551447567,6.947787619047619,13.831971666666668,53.0464,71.13365457411406,61.450821289258066,66.14720305661304,41.71799416083952,8.689154992011474,49.592850571466805,64.546,27.03333333333333,31.804761904761904,80.67754109666667,12.6,1365.5923894671766,46.800000000000004,0.16666666666666666,27.984333333333336,5.863012283836323,82.54347076416013,41.52888676767677,88.73907531686378,55.3974609375,46.11930226288484,19.133696775973196,78.66248965793187,1.0150945221676528,37.800000000000004,89.66666666666667,6.407950126666666,76.71923076923076,33.472051092258205
2015,Developed,4.841032087802886,19.70731275,22.978914926470587,31.631162979452057,8.462034164971685,14.65795348108227,11.837609032790462,8.573206495240608,4.771360685725581,86.65543350962994,81.46795731707316,53.5125,20.1625,4984.62115478625,86.89999999999999,48493.63632353129,100.0,8.28875,85.9205,75.60790527273966,95.18750000000001,91.2530514678899,100.48842629607846,98.05659192403161,45.33977141110865,26.08857478067434,92.625,1.0,3.5875,94.0,10.458808283749999,98.35430107526882,98.839243112703
2015,Developing,4.409348382058007,14.662190227565482,17.626674860681113,41.182763694117654,50.00379657522808,46.46103807907378,47.56289535594941,18.357729207758492,9.890168267307269,71.75210264585888,72.1300832137733,39.37647058823529,25.401848739495797,330.0653368473733,37.629592412322516,5270.191157557032,88.78823529411765,10.618407815422989,53.64764705882353,37.663671275693886,82.25819815441692,66.28023123401533,90.50371728644652,77.41200726372854,37.93713747739069,21.733157859689044,78.62461685673988,0.9603859645550418,20.523529411764706,89.94117647058823,5.604390095613737,85.76584596725289,50.37992587118641
2015,Least developed,2.9240557489571724,7.1023564285714285,13.831971666666668,53.0464,70.6774676664243,61.041957816729074,65.7062799836109,34.77473661139657,9.479833314005893,55.74543056404826,65.00833333333334,27.600000000000005,29.2,80.20584615,13.343333333333334,1366.8253356946334,52.300000000000004,0.77,28.143666666666665,10.369884163073207,80.95799458821615,37.935015151515145,89.3714198806659,53.04205492268438,46.019121295739204,21.500061061842132,75.46909349229601,0.9901490281609924,36.46666666666667,89.0,6.374714366666667,66.8051282051282,34.065898354983865
2016,Developed,4.87576201558113,20.20195025,22.44141806985294,28.76177198630137,8.524389744253575,14.58425417645521,11.815292424583072,8.094299426849805,5.051616480651711,86.8540842687654,81.59298780487805,53.925,22.133928571428573,5095.07904052875,89.6125,48141.41313395201,100.0,8.383750000000001,86.02137499999999,79.16123771667478,95.18750000000001,92.32569646788991,100.27210967394772,99.1634595870971,45.54675884713655,26.321380435146317,92.625,1.0,3.5375,94.375,10.5244953225,98.09180107526882,98.92058985523956
2016,Developing,4.4105599825918045,15.08686494203521,16.931978142414863,42.33724816862746,48.83709263024997,45.81783216369364,46.79600584196092,20.989254967653004,9.613385970488098,69.39735908195532,72.38554232424677,40.00588235294118,26.76571428571428,329.1627270785498,41.52606300055781,5297.134352144495,92.00588235294117,10.6654666389524,54.06729411764706,39.897282437353425,81.67482152047262,68.00620067455243,92.3738160205238,79.48926288190009,38.05342054460977,21.81667265897522,77.98532858610047,0.9775648557362248,19.900000000000002,90.70588235294117,5.690506139143149,84.54703860925814,50.88825481228125
2016,Least developed,2.9506696599501154,7.1023564285714285,13.831971666666668,53.0464,70.19200775868944,60.597348643489,65.25009889978331,41.71799416083952,8.689154992011474,49.592850571466805,65.405,28.233333333333334,31.804761904761904,81.18278503666666,23.833333333333332,1437.2693522151867,55.63333333333333,1.2066666666666666,28.320000000000004,6.550710181259128,79.14172821044922,44.062126767676766,88.63995167998229,55.5907122294108,45.997201111845364,20.579133556282958,74.4180909898546,0.9846190284280211,35.13333333333333,90.33333333333333,6.230977330000001,60.83846153846154,34.671099167763906
2017,Developed,4.837735444307327,19.41493558333333,24.351439246323526,33.2239094520548,8.458024337760975,14.379131040466122,11.668291302518952,8.094299426849805,5.051616480651711,86.8540842687654,81.67725609756098,45.59695945945946,22.133928571428573,5274.933837891251,89.325,50371.25341833338,100.0,8.24875,86.126,78.17372226715086,95.18750000000001,93.42545448394496,99.72551560888483,99.8434777577717,45.67915474162898,25.9469235383857,92.75,1.0,3.4749999999999996,94.75,10.4817018225,98.37930107526881,99.00180411610717
2017,Developing,4.166863776224233,14.855359647917563,17.33974021671827,46.10522394509805,48.52319995430656,45.78552799138919,46.66159685916274,20.989254967653004,9.613385970488098,69.39735908195532,72.65249784791966,30.038950715421304,26.76571428571428,359.5261684326674,44.82606300055781,5866.528364003149,92.94117647058823,10.464878403658284,54.4915294117647,39.4274744198471,79.91696656890446,69.82807301790281,92.73666598533883,78.22024125712258,38.20245764081996,22.27004951482459,75.9420450601976,0.9914998170279083,19.170588235294115,89.6470588235294,5.701455233849031,85.3093834647261,51.39784829436721
2017,Least developed,3.3605901400248235,7.290507619047619,13.01896111111111,53.0464,69.57097929532493,60.086527806056495,64.7045121417496,41.71799416083952,8.689154992011474,49.592850571466805,65.68900000000001,18.98738738738739,31.804761904761904,76.80757649666667,26.96666666666667,2182.4196240542765,67.63333333333333,0.5599999999999999,28.513,9.826212872993453,80.93699188232422,45.164580101010095,88.03013926136249,59.54759597778317,46.043967295726766,21.020874548447367,75.70364023844401,0.9852235422414886,33.93333333333334,89.33333333333333,5.69828052,61.15769230769231,35.2873477596468
2018,Developed,4.826088249683381,19.685910666666665,24.739114852941174,34.60711794520548,8.34783287199562,14.179258425446816,11.504115211917298,8.094299426849805,5.051616480651711,86.8540842687654,81.73033536585368,45.59695945945946,18.1,5514.7579345725,90.625,53366.481829277676,100.0,7.745,86.234875,77.96126461029054,95.18750000000001,89.72205587155963,99.93967080602843,98.95743802388513,45.78493601978678,26.569268870841626,92.75,1.0,3.4625,94.625,10.465194505,98.21680107526882,99.07583040771715
2018,Developing,4.015803197911783,15.289916715328468,17.927785263157897,47.72059606666667,48.27410590524304,45.62833496552273,46.46860016992301,20.989254967653004,9.613385970488098,69.39735908195532,72.87554088952655,30.038950715421304,23.901848739495797,370.24868062149096,49.002533588793106,6157.50231135719,92.88823529411764,9.94674703803783,54.91952941176471,38.844068867747154,83.89298252744636,65.86851716432226,93.82902020180916,80.90626067924899,38.11773354224184,23.249136959972812,80.57115653303102,0.9909479529345312,18.570588235294117,87.82352941176471,5.720398763260796,83.70114008489995,51.87855473837505
2018,Least developed,2.163613080978393,7.339784285714285,12.65560777777778,40.928133333333335,69.24411490688813,60.2497363300987,64.66819054198577,41.71799416083952,8.689154992011474,49.592850571466805,66.14666666666666,18.98738738738739,26.366666666666664,89.21617126333332,20.910353725225225,1868.9134046680767,64.06666666666666,0.6666666666666666,28.725333333333335,14.844116846720368,80.93699188232422,46.642866767676765,94.22859954833994,61.443517049153634,46.20006798386356,20.547714766344498,75.70364023844401,0.9852235422414886,32.699999999999996,89.66666666666667,5.21223097,61.15769230769231,35.915420789411705
2019,Developed,4.844446122646332,19.685910666666665,24.739114852941174,34.60711794520548,8.278611471420586,14.032372508689582,11.38347139898173,8.220013362986146,4.868363110684624,86.91162382489938,82.00149390243902,45.59695945945946,18.1,5552.995025635,91.8875,52889.82458096196,100.0,7.69125,86.348125,80.44942855834967,95.18750000000001,89.72205587155963,100.12496686468316,99.26410058339438,45.93307021230142,27.249222662582874,92.75,1.0,3.4125,94.5,10.635856405,98.67110215053764,99.10712390742607
2019,Developing,4.065673257682478,15.289916715328468,17.927785263157897,47.72059606666667,47.89172493890237,45.309876530291504,46.1603378243737,16.211424054411687,9.13133743644191,74.65723909978735,73.07711190817791,30.038950715421304,23.901848739495797,378.3442145538439,53.71429829467546,6192.521503174037,93.81176470588235,10.542041155684888,55.35058823529412,40.17216475394278,84.12380941020142,62.471490163043484,91.9929534508902,79.85297681654201,38.17674527241486,24.43741994741772,78.73940717065929,0.991697286905981,18.0,87.3529411764706,5.82527314149609,84.69643824540127,52.35763056971688
2019,Least developed,3.2161720730640257,7.1023564285714285,13.831971666666668,53.0464,68.59907671245193,60.243141569388136,64.39709680588116,30.759638752053903,9.865789752130063,59.37457014599622,66.198,18.98738738738739,26.366666666666664,77.09794998,38.46666666666667,1778.6315002859035,66.33333333333333,0.5366666666666666,28.95566666666667,10.898018509081496,87.72151285807291,37.935015151515145,89.06484029082212,55.671403677567184,46.0151807938586,21.056083026829768,85.02058800591364,1.0072511866980896,31.733333333333334,89.33333333333333,4.93084318,69.43846153846154,36.554627349712895
2020,Developed,5.009095072746278,19.685910666666665,24.739114852941174,34.60711794520548,8.22405345739222,13.958957974343448,11.321028258801858,8.094299426849805,5.051616480651711,86.8540842687654,81.61750000000002,45.59695945945946,17.6375,6059.22323608375,92.575,51226.90710447098,100.0,8.54125,86.465125,81.4648456573486,95.18750000000001,89.72205587155963,100.2449734259625,99.38923600514723,45.9608933309435,28.871278285163196,92.75,1.0,3.3625,94.375,11.82488489875,98.67540322580645,99.13143619540581
2020,Developing,3.912429610780281,15.289916715328468,17.927785263157897,47.72059606666667,47.65642724569497,45.47419909591753,46.20720538738778,20.989254967653004,9.613385970488098,69.39735908195532,72.42445767575323,30.038950715421304,23.58420168067227,387.64665688090275,63.00588235294117,5628.15693828076,94.29411764705883,12.226539181043442,55.784705882352945,39.14861628981962,84.42239429215225,62.471490163043484,90.72271361789281,80.23512962485563,37.89434736214412,25.260870980534527,81.15939182714865,0.9892664169635519,17.45294117647059,86.17647058823529,6.317276332084326,82.5905356781888,52.82944338171657
2020,Least developed,4.216184325571411,7.1023564285714285,13.831971666666668,53.0464,68.64558118394986,60.450687032339296,64.51098001058729,41.71799416083952,8.689154992011474,49.592850571466805,66.11233333333332,18.98738738738739,25.633333333333336,78.29691187666667,42.800000000000004,1767.4564891275302,69.83333333333333,0.79,29.205,10.009182919990515,80.93699188232422,37.935015151515145,90.58611358590674,56.393693716629684,45.543342481380535,22.892416225749567,75.70364023844401,0.9852235422414886,30.933333333333334,85.66666666666667,4.89532236,61.15769230769231,37.08287950132473
